{
  "hash": "6b5b5242",
  "configHash": "58ebe3e8",
  "lockfileHash": "0ce8a022",
  "browserHash": "37605227",
  "optimized": {
    "@angular/common": {
      "src": "../../../../../node_modules/@angular/common/fesm2022/common.mjs",
      "file": "@angular_common.js",
      "fileHash": "c3873947",
      "needsInterop": false
    },
    "@angular/common/http": {
      "src": "../../../../../node_modules/@angular/common/fesm2022/http.mjs",
      "file": "@angular_common_http.js",
      "fileHash": "82906b07",
      "needsInterop": false
    },
    "@angular/core": {
      "src": "../../../../../node_modules/@angular/core/fesm2022/core.mjs",
      "file": "@angular_core.js",
      "fileHash": "7a9d3efe",
      "needsInterop": false
    },
    "@angular/platform-browser": {
      "src": "../../../../../node_modules/@angular/platform-browser/fesm2022/platform-browser.mjs",
      "file": "@angular_platform-browser.js",
      "fileHash": "8f1a366f",
      "needsInterop": false
    },
    "@angular/router": {
      "src": "../../../../../node_modules/@angular/router/fesm2022/router.mjs",
      "file": "@angular_router.js",
      "fileHash": "c2dcc72a",
      "needsInterop": false
    }
  },
  "chunks": {
    "chunk-PFYY3KTW": {
      "file": "chunk-PFYY3KTW.js"
    },
    "chunk-W7N322IE": {
      "file": "chunk-W7N322IE.js"
    },
    "chunk-76WCV54H": {
      "file": "chunk-76WCV54H.js"
    },
    "chunk-7T3XUILT": {
      "file": "chunk-7T3XUILT.js"
    }
  }
}